Workbook

Sheet Léeme
A1: Cómo usar este archivo (A07 · Equipo 5 Nexus Solutions)
A2: ALCANCE REDUCIDO: el programa solo registra órdenes de servicio y les da seguimiento (inicio de sesión con roles, clientes y órdenes). Se retiraron el catálogo de precios y las cotizaciones en PDF. El monto total y el anticipo de cada orden los captura Eclipse a mano. Por eso el plan pasó de 30 a 25 actividades.
A3: 1. Hoja PERT: ACT-01 a ACT-10 traen los valores O, M y P que capturó el equipo (fondo amarillo). ACT-11 a ACT-25 traen valores PROPUESTOS por Claude (fondo naranja, columna H = 'Claude (por autorizar)').
A4: 2. El equipo debe revisar los naranjas: si los acepta o los cambia, escribe en la columna G el nombre de quien los propuso o aprobó (la guía pide registrar quién propuso cada valor). Al cambiar la columna H el naranja desaparece. Si cambian cualquier O, M o P, todo lo demás se recalcula solo.
A5: 3. Se calculan solos: te, σ, IT, FT, ITa, FTa, holgura, ruta crítica (filas rojas), fechas y semanas, y si el proyecto termina dentro de las 15 semanas.
A6: 4. Hoja Gantt: se dibuja sola con el calendario real (semana 1 = lunes 7 de septiembre de 2026; inhábiles 16 de septiembre, 2 y 16 de noviembre) e incluye los hitos de cada sprint (fechas editables).
A7: 5. Hoja Calendario: ahí se cambia la fecha de inicio del proyecto si el equipo arranca en otro día.
A8: 6. Colores: texto azul = dato capturado; fondo amarillo = celdas del equipo; fondo naranja = propuesta por autorizar; texto negro = fórmula.
A9: 7. La guía A07 (sección 11) pide que las duraciones salgan de la experiencia y la discusión del equipo y que se declare el uso de IA. Los valores naranjas son solo un punto de partida y deben declararse como tales en la sección 11 del documento.
A11: Ejemplo de formato (de la guía A07, no es de su proyecto): O = 2, M = 4, P = 9 días → te = (2 + 4×4 + 9)/6 = 4.5 días y σ = (9 − 2)/6 = 1.17.

Sheet PERT
A1: A07 · Tabla PERT, red y ruta crítica — Equipo 5 Nexus Solutions (Proyecto Eclipcom, alcance reducido a órdenes de servicio)
A2: Amarillo = valores del equipo. Naranja = valores PROPUESTOS por Claude, por autorizar: revísenlos, ajústenlos y escriban en la columna H quién los propuso/aprobó (el naranja desaparece solo). Todo lo demás se calcula.
G3: Actividades estimadas: | H3: =COUNT(L6:L30) -> 25 | I3: de 25 | K3: Por autorizar (naranja): | N3: =COUNTIF(H6:H30,"Claude*") -> 0
A5: ID | B5: Actividad | C5: Pred. 1 | D5: Pred. 2 | E5: Pred. 3 | F5: Pred. 4 | G5: Responsable (A06) | H5: Propuso la estimación | I5: O (días) | J5: M (días) | K5: P (días) | L5: te = (O+4M+P)/6 | M5: σ = (P−O)/6 | N5: IT | O5: FT | P5: ITa | Q5: FTa | R5: Holgura (ITa−IT) | S5: ¿Crítica? | T5: Inicio (fecha) | U5: Fin (fecha) | V5: Sem. inicio | W5: Sem. fin | X5: Revisión | Y5: Aux. ruta | Z5: Equivalente en A06
A6: ACT-01 | B6: Configurar el tablero Trello y planear el Sprint 0 | G6: Israel | H6: Israel | I6: 1 | J6: 2 | K6: 5 | L6: =IF(COUNT(I6:K6)=3,(I6+4*J6+K6)/6,"") -> 2.3333333 | M6: =IF(COUNT(I6:K6)=3,(K6-I6)/6,"") -> 0.66666667 | N6: =IF($H$3<25,"",0) -> 0 | O6: =IF(N6="","",N6+L6) -> 2.3333333 | P6: =IF(Q6="","",Q6-L6) -> -3.9968029e-15 | Q6: =IF($H$3<25,"",MIN($O$33,IF(COUNTIF(C7:C$30,A6)=0,1000000000,_xlfn.MINIFS($P7:$P$30,C7:C$30,A6)),IF(COUNTIF(D7:D$30,A6)=0,1000000000,_xlfn.MINIFS($P7:$P$30,D7:D$30,A6)),IF(COUNTIF(E7:E$30,A6)=0,1000000000,_xlfn.MINIFS($P7:$P$30,E7:E$30,A6)),IF(COUNTIF(F7:F$30,A6)=0,1000000000,_xlfn.MINIFS($P7:$P$30,F7:F$30,A6)))) -> 2.3333333 | R6: =IF(P6="","",ROUND(P6-N6,4)) -> 0 | S6: =IF(R6="","",IF(R6=0,"Sí","No")) -> Sí | T6: =IF(N6="","",WORKDAY(Calendario!$B$3-1,ROUNDDOWN(N6,0)+1,Calendario!$B$8:$B$10)) -> 46293 | U6: =IF(O6="","",WORKDAY(Calendario!$B$3-1,MAX(1,ROUNDUP(O6,0)),Calendario!$B$8:$B$10)) -> 46295 | V6: =IF(T6="","",INT((T6-Calendario!$B$4)/7)+1) -> 4 | W6: =IF(U6="","",INT((U6-Calendario!$B$4)/7)+1) -> 4 | X6: =IF(COUNT(I6:K6)=3,IF(AND(I6<=J6,J6<=K6),"OK","Revisar: debe ser O ≤ M ≤ P"),"") -> OK | Y6: =IF(S6="Sí",""&IF(""="","", " → ")&A6,"") -> ACT-01 | Z6: ACT-01
A7: ACT-02 | B7: Ordenar el repositorio GitHub, ramas y carpeta /portafolio | C7: ACT-01 | G7: Carlos | H7: Jesús | I7: 1 | J7: 2 | K7: 5 | L7: =IF(COUNT(I7:K7)=3,(I7+4*J7+K7)/6,"") -> 2.3333333 | M7: =IF(COUNT(I7:K7)=3,(K7-I7)/6,"") -> 0.66666667 | N7: =IF($H$3<25,"",MAX(0,IF(C7="",0,INDEX($O$6:$O6,MATCH(C7,$A$6:$A6,0))),IF(D7="",0,INDEX($O$6:$O6,MATCH(D7,$A$6:$A6,0))),IF(E7="",0,INDEX($O$6:$O6,MATCH(E7,$A$6:$A6,0))),IF(F7="",0,INDEX($O$6:$O6,MATCH(F7,$A$6:$A6,0))))) -> 2.3333333 | O7: =IF(N7="","",N7+L7) -> 4.6666667 | P7: =IF(Q7="","",Q7-L7) -> 8.5 | Q7: =IF($H$3<25,"",MIN($O$33,IF(COUNTIF(C8:C$30,A7)=0,1000000000,_xlfn.MINIFS($P8:$P$30,C8:C$30,A7)),IF(COUNTIF(D8:D$30,A7)=0,1000000000,_xlfn.MINIFS($P8:$P$30,D8:D$30,A7)),IF(COUNTIF(E8:E$30,A7)=0,1000000000,_xlfn.MINIFS($P8:$P$30,E8:E$30,A7)),IF(COUNTIF(F8:F$30,A7)=0,1000000000,_xlfn.MINIFS($P8:$P$30,F8:F$30,A7)))) -> 10.833333 | R7: =IF(P7="","",ROUND(P7-N7,4)) -> 6.1667 | S7: =IF(R7="","",IF(R7=0,"Sí","No")) -> No | T7: =IF(N7="","",WORKDAY(Calendario!$B$3-1,ROUNDDOWN(N7,0)+1,Calendario!$B$8:$B$10)) -> 46295 | U7: =IF(O7="","",WORKDAY(Calendario!$B$3-1,MAX(1,ROUNDUP(O7,0)),Calendario!$B$8:$B$10)) -> 46297 | V7: =IF(T7="","",INT((T7-Calendario!$B$4)/7)+1) -> 4 | W7: =IF(U7="","",INT((U7-Calendario!$B$4)/7)+1) -> 4 | X7: =IF(COUNT(I7:K7)=3,IF(AND(I7<=J7,J7<=K7),"OK","Revisar: debe ser O ≤ M ≤ P"),"") -> OK | Y7: =IF(S7="Sí",Y6&IF(Y6="","", " → ")&A7,Y6) -> ACT-01 | Z7: ACT-02
A8: ACT-03 | B8: Instalar y verificar Python, Tkinter, MySQL y VS Code | C8: ACT-02 | G8: Jesús | H8: Antonio | I8: 1 | J8: 3 | K8: 4 | L8: =IF(COUNT(I8:K8)=3,(I8+4*J8+K8)/6,"") -> 2.8333333 | M8: =IF(COUNT(I8:K8)=3,(K8-I8)/6,"") -> 0.5 | N8: =IF($H$3<25,"",MAX(0,IF(C8="",0,INDEX($O$6:$O7,MATCH(C8,$A$6:$A7,0))),IF(D8="",0,INDEX($O$6:$O7,MATCH(D8,$A$6:$A7,0))),IF(E8="",0,INDEX($O$6:$O7,MATCH(E8,$A$6:$A7,0))),IF(F8="",0,INDEX($O$6:$O7,MATCH(F8,$A$6:$A7,0))))) -> 4.6666667 | O8: =IF(N8="","",N8+L8) -> 7.5 | P8: =IF(Q8="","",Q8-L8) -> 10.833333 | Q8: =IF($H$3<25,"",MIN($O$33,IF(COUNTIF(C9:C$30,A8)=0,1000000000,_xlfn.MINIFS($P9:$P$30,C9:C$30,A8)),IF(COUNTIF(D9:D$30,A8)=0,1000000000,_xlfn.MINIFS($P9:$P$30,D9:D$30,A8)),IF(COUNTIF(E9:E$30,A8)=0,1000000000,_xlfn.MINIFS($P9:$P$30,E9:E$30,A8)),IF(COUNTIF(F9:F$30,A8)=0,1000000000,_xlfn.MINIFS($P9:$P$30,F9:F$30,A8)))) -> 13.666667 | R8: =IF(P8="","",ROUND(P8-N8,4)) -> 6.1667 | S8: =IF(R8="","",IF(R8=0,"Sí","No")) -> No | T8: =IF(N8="","",WORKDAY(Calendario!$B$3-1,ROUNDDOWN(N8,0)+1,Calendario!$B$8:$B$10)) -> 46297 | U8: =IF(O8="","",WORKDAY(Calendario!$B$3-1,MAX(1,ROUNDUP(O8,0)),Calendario!$B$8:$B$10)) -> 46302 | V8: =IF(T8="","",INT((T8-Calendario!$B$4)/7)+1) -> 4 | W8: =IF(U8="","",INT((U8-Calendario!$B$4)/7)+1) -> 5 | X8: =IF(COUNT(I8:K8)=3,IF(AND(I8<=J8,J8<=K8),"OK","Revisar: debe ser O ≤ M ≤ P"),"") -> OK | Y8: =IF(S8="Sí",Y7&IF(Y7="","", " → ")&A8,Y7) -> ACT-01 | Z8: ACT-03
A9: ACT-04 | B9: Elaborar el modelo entidad-relación (Personal, Cliente y OrdenTrabajo) | C9: ACT-01 | G9: Antonio | H9: Omar | I9: 1 | J9: 2 | K9: 5 | L9: =IF(COUNT(I9:K9)=3,(I9+4*J9+K9)/6,"") -> 2.3333333 | M9: =IF(COUNT(I9:K9)=3,(K9-I9)/6,"") -> 0.66666667 | N9: =IF($H$3<25,"",MAX(0,IF(C9="",0,INDEX($O$6:$O8,MATCH(C9,$A$6:$A8,0))),IF(D9="",0,INDEX($O$6:$O8,MATCH(D9,$A$6:$A8,0))),IF(E9="",0,INDEX($O$6:$O8,MATCH(E9,$A$6:$A8,0))),IF(F9="",0,INDEX($O$6:$O8,MATCH(F9,$A$6:$A8,0))))) -> 2.3333333 | O9: =IF(N9="","",N9+L9) -> 4.6666667 | P9: =IF(Q9="","",Q9-L9) -> 6.3333333 | Q9: =IF($H$3<25,"",MIN($O$33,IF(COUNTIF(C10:C$30,A9)=0,1000000000,_xlfn.MINIFS($P10:$P$30,C10:C$30,A9)),IF(COUNTIF(D10:D$30,A9)=0,1000000000,_xlfn.MINIFS($P10:$P$30,D10:D$30,A9)),IF(COUNTIF(E10:E$30,A9)=0,1000000000,_xlfn.MINIFS($P10:$P$30,E10:E$30,A9)),IF(COUNTIF(F10:F$30,A9)=0,1000000000,_xlfn.MINIFS($P10:$P$30,F10:F$30,A9)))) -> 8.6666667 | R9: =IF(P9="","",ROUND(P9-N9,4)) -> 4 | S9: =IF(R9="","",IF(R9=0,"Sí","No")) -> No | T9: =IF(N9="","",WORKDAY(Calendario!$B$3-1,ROUNDDOWN(N9,0)+1,Calendario!$B$8:$B$10)) -> 46295 | U9: =IF(O9="","",WORKDAY(Calendario!$B$3-1,MAX(1,ROUNDUP(O9,0)),Calendario!$B$8:$B$10)) -> 46297 | V9: =IF(T9="","",INT((T9-Calendario!$B$4)/7)+1) -> 4 | W9: =IF(U9="","",INT((U9-Calendario!$B$4)/7)+1) -> 4 | X9: =IF(COUNT(I9:K9)=3,IF(AND(I9<=J9,J9<=K9),"OK","Revisar: debe ser O ≤ M ≤ P"),"") -> OK | Y9: =IF(S9="Sí",Y8&IF(Y8="","", " → ")&A9,Y8) -> ACT-01 | Z9: ACT-04
A10: ACT-05 | B10: Diseñar el prototipo de pantallas Tkinter (inicio de sesión, clientes y órdenes) | C10: ACT-01 | G10: Carlos | H10: Carlos | I10: 4 | J10: 6 | K10: 10 | L10: =IF(COUNT(I10:K10)=3,(I10+4*J10+K10)/6,"") -> 6.3333333 | M10: =IF(COUNT(I10:K10)=3,(K10-I10)/6,"") -> 1 | N10: =IF($H$3<25,"",MAX(0,IF(C10="",0,INDEX($O$6:$O9,MATCH(C10,$A$6:$A9,0))),IF(D10="",0,INDEX($O$6:$O9,MATCH(D10,$A$6:$A9,0))),IF(E10="",0,INDEX($O$6:$O9,MATCH(E10,$A$6:$A9,0))),IF(F10="",0,INDEX($O$6:$O9,MATCH(F10,$A$6:$A9,0))))) -> 2.3333333 | O10: =IF(N10="","",N10+L10) -> 8.6666667 | P10: =IF(Q10="","",Q10-L10) -> 2.3333333 | Q10: =IF($H$3<25,"",MIN($O$33,IF(COUNTIF(C11:C$30,A10)=0,1000000000,_xlfn.MINIFS($P11:$P$30,C11:C$30,A10)),IF(COUNTIF(D11:D$30,A10)=0,1000000000,_xlfn.MINIFS($P11:$P$30,D11:D$30,A10)),IF(COUNTIF(E11:E$30,A10)=0,1000000000,_xlfn.MINIFS($P11:$P$30,E11:E$30,A10)),IF(COUNTIF(F11:F$30,A10)=0,1000000000,_xlfn.MINIFS($P11:$P$30,F11:F$30,A10)))) -> 8.6666667 | R10: =IF(P10="","",ROUND(P10-N10,4)) -> 0 | S10: =IF(R10="","",IF(R10=0,"Sí","No")) -> Sí | T10: =IF(N10="","",WORKDAY(Calendario!$B$3-1,ROUNDDOWN(N10,0)+1,Calendario!$B$8:$B$10)) -> 46295 | U10: =IF(O10="","",WORKDAY(Calendario!$B$3-1,MAX(1,ROUNDUP(O10,0)),Calendario!$B$8:$B$10)) -> 46303 | V10: =IF(T10="","",INT((T10-Calendario!$B$4)/7)+1) -> 4 | W10: =IF(U10="","",INT((U10-Calendario!$B$4)/7)+1) -> 5 | X10: =IF(COUNT(I10:K10)=3,IF(AND(I10<=J10,J10<=K10),"OK","Revisar: debe ser O ≤ M ≤ P"),"") -> OK | Y10: =IF(S10="Sí",Y9&IF(Y9="","", " → ")&A10,Y9) -> ACT-01 → ACT-05 | Z10: ACT-05
A11: ACT-06 | B11: Validar modelo y prototipo con el PO y el cliente (demo Sprint 0) | C11: ACT-04 | D11: ACT-05 | G11: Jesús | H11: Israel | I11: 3 | J11: 5 | K11: 7 | L11: =IF(COUNT(I11:K11)=3,(I11+4*J11+K11)/6,"") -> 5 | M11: =IF(COUNT(I11:K11)=3,(K11-I11)/6,"") -> 0.66666667 | N11: =IF($H$3<25,"",MAX(0,IF(C11="",0,INDEX($O$6:$O10,MATCH(C11,$A$6:$A10,0))),IF(D11="",0,INDEX($O$6:$O10,MATCH(D11,$A$6:$A10,0))),IF(E11="",0,INDEX($O$6:$O10,MATCH(E11,$A$6:$A10,0))),IF(F11="",0,INDEX($O$6:$O10,MATCH(F11,$A$6:$A10,0))))) -> 8.6666667 | O11: =IF(N11="","",N11+L11) -> 13.666667 | P11: =IF(Q11="","",Q11-L11) -> 8.6666667 | Q11: =IF($H$3<25,"",MIN($O$33,IF(COUNTIF(C12:C$30,A11)=0,1000000000,_xlfn.MINIFS($P12:$P$30,C12:C$30,A11)),IF(COUNTIF(D12:D$30,A11)=0,1000000000,_xlfn.MINIFS($P12:$P$30,D12:D$30,A11)),IF(COUNTIF(E12:E$30,A11)=0,1000000000,_xlfn.MINIFS($P12:$P$30,E12:E$30,A11)),IF(COUNTIF(F12:F$30,A11)=0,1000000000,_xlfn.MINIFS($P12:$P$30,F12:F$30,A11)))) -> 13.666667 | R11: =IF(P11="","",ROUND(P11-N11,4)) -> 0 | S11: =IF(R11="","",IF(R11=0,"Sí","No")) -> Sí | T11: =IF(N11="","",WORKDAY(Calendario!$B$3-1,ROUNDDOWN(N11,0)+1,Calendario!$B$8:$B$10)) -> 46303 | U11: =IF(O11="","",WORKDAY(Calendario!$B$3-1,MAX(1,ROUNDUP(O11,0)),Calendario!$B$8:$B$10)) -> 46310 | V11: =IF(T11="","",INT((T11-Calendario!$B$4)/7)+1) -> 5 | W11: =IF(U11="","",INT((U11-Calendario!$B$4)/7)+1) -> 6 | X11: =IF(COUNT(I11:K11)=3,IF(AND(I11<=J11,J11<=K11),"OK","Revisar: debe ser O ≤ M ≤ P"),"") -> OK | Y11: =IF(S11="Sí",Y10&IF(Y10="","", " → ")&A11,Y10) -> ACT-01 → ACT-05 → ACT-06 | Z11: ACT-06
A12: ACT-07 | B12: Crear scripts SQL de usuarios, roles y clientes | C12: ACT-03 | D12: ACT-06 | G12: Omar | H12: Israel | I12: 2 | J12: 3 | K12: 5 | L12: =IF(COUNT(I12:K12)=3,(I12+4*J12+K12)/6,"") -> 3.1666667 | M12: =IF(COUNT(I12:K12)=3,(K12-I12)/6,"") -> 0.5 | N12: =IF($H$3<25,"",MAX(0,IF(C12="",0,INDEX($O$6:$O11,MATCH(C12,$A$6:$A11,0))),IF(D12="",0,INDEX($O$6:$O11,MATCH(D12,$A$6:$A11,0))),IF(E12="",0,INDEX($O$6:$O11,MATCH(E12,$A$6:$A11,0))),IF(F12="",0,INDEX($O$6:$O11,MATCH(F12,$A$6:$A11,0))))) -> 13.666667 | O12: =IF(N12="","",N12+L12) -> 16.833333 | P12: =IF(Q12="","",Q12-L12) -> 13.666667 | Q12: =IF($H$3<25,"",MIN($O$33,IF(COUNTIF(C13:C$30,A12)=0,1000000000,_xlfn.MINIFS($P13:$P$30,C13:C$30,A12)),IF(COUNTIF(D13:D$30,A12)=0,1000000000,_xlfn.MINIFS($P13:$P$30,D13:D$30,A12)),IF(COUNTIF(E13:E$30,A12)=0,1000000000,_xlfn.MINIFS($P13:$P$30,E13:E$30,A12)),IF(COUNTIF(F13:F$30,A12)=0,1000000000,_xlfn.MINIFS($P13:$P$30,F13:F$30,A12)))) -> 16.833333 | R12: =IF(P12="","",ROUND(P12-N12,4)) -> 0 | S12: =IF(R12="","",IF(R12=0,"Sí","No")) -> Sí | T12: =IF(N12="","",WORKDAY(Calendario!$B$3-1,ROUNDDOWN(N12,0)+1,Calendario!$B$8:$B$10)) -> 46310 | U12: =IF(O12="","",WORKDAY(Calendario!$B$3-1,MAX(1,ROUNDUP(O12,0)),Calendario!$B$8:$B$10)) -> 46315 | V12: =IF(T12="","",INT((T12-Calendario!$B$4)/7)+1) -> 6 | W12: =IF(U12="","",INT((U12-Calendario!$B$4)/7)+1) -> 7 | X12: =IF(COUNT(I12:K12)=3,IF(AND(I12<=J12,J12<=K12),"OK","Revisar: debe ser O ≤ M ≤ P"),"") -> OK | Y12: =IF(S12="Sí",Y11&IF(Y11="","", " → ")&A12,Y11) -> ACT-01 → ACT-05 → ACT-06 → ACT-07 | Z12: ACT-07
A13: ACT-08 | B13: Programar el inicio de sesión con roles | C13: ACT-07 | G13: Antonio | H13: Jesús | I13: 4 | J13: 6 | K13: 9 | L13: =IF(COUNT(I13:K13)=3,(I13+4*J13+K13)/6,"") -> 6.1666667 | M13: =IF(COUNT(I13:K13)=3,(K13-I13)/6,"") -> 0.83333333 | N13: =IF($H$3<25,"",MAX(0,IF(C13="",0,INDEX($O$6:$O12,MATCH(C13,$A$6:$A12,0))),IF(D13="",0,INDEX($O$6:$O12,MATCH(D13,$A$6:$A12,0))),IF(E13="",0,INDEX($O$6:$O12,MATCH(E13,$A$6:$A12,0))),IF(F13="",0,INDEX($O$6:$O12,MATCH(F13,$A$6:$A12,0))))) -> 16.833333 | O13: =IF(N13="","",N13+L13) -> 23 | P13: =IF(Q13="","",Q13-L13) -> 19.666667 | Q13: =IF($H$3<25,"",MIN($O$33,IF(COUNTIF(C14:C$30,A13)=0,1000000000,_xlfn.MINIFS($P14:$P$30,C14:C$30,A13)),IF(COUNTIF(D14:D$30,A13)=0,1000000000,_xlfn.MINIFS($P14:$P$30,D14:D$30,A13)),IF(COUNTIF(E14:E$30,A13)=0,1000000000,_xlfn.MINIFS($P14:$P$30,E14:E$30,A13)),IF(COUNTIF(F14:F$30,A13)=0,1000000000,_xlfn.MINIFS($P14:$P$30,F14:F$30,A13)))) -> 25.833333 | R13: =IF(P13="","",ROUND(P13-N13,4)) -> 2.8333 | S13: =IF(R13="","",IF(R13=0,"Sí","No")) -> No | T13: =IF(N13="","",WORKDAY(Calendario!$B$3-1,ROUNDDOWN(N13,0)+1,Calendario!$B$8:$B$10)) -> 46315 | U13: =IF(O13="","",WORKDAY(Calendario!$B$3-1,MAX(1,ROUNDUP(O13,0)),Calendario!$B$8:$B$10)) -> 46323 | V13: =IF(T13="","",INT((T13-Calendario!$B$4)/7)+1) -> 7 | W13: =IF(U13="","",INT((U13-Calendario!$B$4)/7)+1) -> 8 | X13: =IF(COUNT(I13:K13)=3,IF(AND(I13<=J13,J13<=K13),"OK","Revisar: debe ser O ≤ M ≤ P"),"") -> OK | Y13: =IF(S13="Sí",Y12&IF(Y12="","", " → ")&A13,Y12) -> ACT-01 → ACT-05 → ACT-06 → ACT-07 | Z13: ACT-08
A14: ACT-09 | B14: Programar la interfaz y el CRUD de clientes | C14: ACT-07 | G14: Carlos | H14: Carlos | I14: 3 | J14: 4 | K14: 6 | L14: =IF(COUNT(I14:K14)=3,(I14+4*J14+K14)/6,"") -> 4.1666667 | M14: =IF(COUNT(I14:K14)=3,(K14-I14)/6,"") -> 0.5 | N14: =IF($H$3<25,"",MAX(0,IF(C14="",0,INDEX($O$6:$O13,MATCH(C14,$A$6:$A13,0))),IF(D14="",0,INDEX($O$6:$O13,MATCH(D14,$A$6:$A13,0))),IF(E14="",0,INDEX($O$6:$O13,MATCH(E14,$A$6:$A13,0))),IF(F14="",0,INDEX($O$6:$O13,MATCH(F14,$A$6:$A13,0))))) -> 16.833333 | O14: =IF(N14="","",N14+L14) -> 21 | P14: =IF(Q14="","",Q14-L14) -> 17.5 | Q14: =IF($H$3<25,"",MIN($O$33,IF(COUNTIF(C15:C$30,A14)=0,1000000000,_xlfn.MINIFS($P15:$P$30,C15:C$30,A14)),IF(COUNTIF(D15:D$30,A14)=0,1000000000,_xlfn.MINIFS($P15:$P$30,D15:D$30,A14)),IF(COUNTIF(E15:E$30,A14)=0,1000000000,_xlfn.MINIFS($P15:$P$30,E15:E$30,A14)),IF(COUNTIF(F15:F$30,A14)=0,1000000000,_xlfn.MINIFS($P15:$P$30,F15:F$30,A14)))) -> 21.666667 | R14: =IF(P14="","",ROUND(P14-N14,4)) -> 0.6667 | S14: =IF(R14="","",IF(R14=0,"Sí","No")) -> No | T14: =IF(N14="","",WORKDAY(Calendario!$B$3-1,ROUNDDOWN(N14,0)+1,Calendario!$B$8:$B$10)) -> 46315 | U14: =IF(O14="","",WORKDAY(Calendario!$B$3-1,MAX(1,ROUNDUP(O14,0)),Calendario!$B$8:$B$10)) -> 46321 | V14: =IF(T14="","",INT((T14-Calendario!$B$4)/7)+1) -> 7 | W14: =IF(U14="","",INT((U14-Calendario!$B$4)/7)+1) -> 8 | X14: =IF(COUNT(I14:K14)=3,IF(AND(I14<=J14,J14<=K14),"OK","Revisar: debe ser O ≤ M ≤ P"),"") -> OK | Y14: =IF(S14="Sí",Y13&IF(Y13="","", " → ")&A14,Y13) -> ACT-01 → ACT-05 → ACT-06 → ACT-07 | Z14: ACT-09
A15: ACT-10 | B15: Programar la búsqueda y los filtros de clientes | C15: ACT-09 | G15: Antonio | H15: Jesús | I15: 3 | J15: 4 | K15: 6 | L15: =IF(COUNT(I15:K15)=3,(I15+4*J15+K15)/6,"") -> 4.1666667 | M15: =IF(COUNT(I15:K15)=3,(K15-I15)/6,"") -> 0.5 | N15: =IF($H$3<25,"",MAX(0,IF(C15="",0,INDEX($O$6:$O14,MATCH(C15,$A$6:$A14,0))),IF(D15="",0,INDEX($O$6:$O14,MATCH(D15,$A$6:$A14,0))),IF(E15="",0,INDEX($O$6:$O14,MATCH(E15,$A$6:$A14,0))),IF(F15="",0,INDEX($O$6:$O14,MATCH(F15,$A$6:$A14,0))))) -> 21 | O15: =IF(N15="","",N15+L15) -> 25.166667 | P15: =IF(Q15="","",Q15-L15) -> 21.666667 | Q15: =IF($H$3<25,"",MIN($O$33,IF(COUNTIF(C16:C$30,A15)=0,1000000000,_xlfn.MINIFS($P16:$P$30,C16:C$30,A15)),IF(COUNTIF(D16:D$30,A15)=0,1000000000,_xlfn.MINIFS($P16:$P$30,D16:D$30,A15)),IF(COUNTIF(E16:E$30,A15)=0,1000000000,_xlfn.MINIFS($P16:$P$30,E16:E$30,A15)),IF(COUNTIF(F16:F$30,A15)=0,1000000000,_xlfn.MINIFS($P16:$P$30,F16:F$30,A15)))) -> 25.833333 | R15: =IF(P15="","",ROUND(P15-N15,4)) -> 0.6667 | S15: =IF(R15="","",IF(R15=0,"Sí","No")) -> No | T15: =IF(N15="","",WORKDAY(Calendario!$B$3-1,ROUNDDOWN(N15,0)+1,Calendario!$B$8:$B$10)) -> 46322 | U15: =IF(O15="","",WORKDAY(Calendario!$B$3-1,MAX(1,ROUNDUP(O15,0)),Calendario!$B$8:$B$10)) -> 46329 | V15: =IF(T15="","",INT((T15-Calendario!$B$4)/7)+1) -> 8 | W15: =IF(U15="","",INT((U15-Calendario!$B$4)/7)+1) -> 9 | X15: =IF(COUNT(I15:K15)=3,IF(AND(I15<=J15,J15<=K15),"OK","Revisar: debe ser O ≤ M ≤ P"),"") -> OK | Y15: =IF(S15="Sí",Y14&IF(Y14="","", " → ")&A15,Y14) -> ACT-01 → ACT-05 → ACT-06 → ACT-07 | Z15: ACT-10
A16: ACT-11 | B16: Crear el script SQL de la tabla de órdenes de servicio (OrdenTrabajo) | C16: ACT-07 | G16: Omar | H16: Carlos | I16: 3 | J16: 5 | K16: 6 | L16: =IF(COUNT(I16:K16)=3,(I16+4*J16+K16)/6,"") -> 4.8333333 | M16: =IF(COUNT(I16:K16)=3,(K16-I16)/6,"") -> 0.5 | N16: =IF($H$3<25,"",MAX(0,IF(C16="",0,INDEX($O$6:$O15,MATCH(C16,$A$6:$A15,0))),IF(D16="",0,INDEX($O$6:$O15,MATCH(D16,$A$6:$A15,0))),IF(E16="",0,INDEX($O$6:$O15,MATCH(E16,$A$6:$A15,0))),IF(F16="",0,INDEX($O$6:$O15,MATCH(F16,$A$6:$A15,0))))) -> 16.833333 | O16: =IF(N16="","",N16+L16) -> 21.666667 | P16: =IF(Q16="","",Q16-L16) -> 16.833333 | Q16: =IF($H$3<25,"",MIN($O$33,IF(COUNTIF(C17:C$30,A16)=0,1000000000,_xlfn.MINIFS($P17:$P$30,C17:C$30,A16)),IF(COUNTIF(D17:D$30,A16)=0,1000000000,_xlfn.MINIFS($P17:$P$30,D17:D$30,A16)),IF(COUNTIF(E17:E$30,A16)=0,1000000000,_xlfn.MINIFS($P17:$P$30,E17:E$30,A16)),IF(COUNTIF(F17:F$30,A16)=0,1000000000,_xlfn.MINIFS($P17:$P$30,F17:F$30,A16)))) -> 21.666667 | R16: =IF(P16="","",ROUND(P16-N16,4)) -> 0 | S16: =IF(R16="","",IF(R16=0,"Sí","No")) -> Sí | T16: =IF(N16="","",WORKDAY(Calendario!$B$3-1,ROUNDDOWN(N16,0)+1,Calendario!$B$8:$B$10)) -> 46315 | U16: =IF(O16="","",WORKDAY(Calendario!$B$3-1,MAX(1,ROUNDUP(O16,0)),Calendario!$B$8:$B$10)) -> 46322 | V16: =IF(T16="","",INT((T16-Calendario!$B$4)/7)+1) -> 7 | W16: =IF(U16="","",INT((U16-Calendario!$B$4)/7)+1) -> 8 | X16: =IF(COUNT(I16:K16)=3,IF(AND(I16<=J16,J16<=K16),"OK","Revisar: debe ser O ≤ M ≤ P"),"") -> OK | Y16: =IF(S16="Sí",Y15&IF(Y15="","", " → ")&A16,Y15) -> ACT-01 → ACT-05 → ACT-06 → ACT-07 → ACT-11 | Z16: ACT-19
A17: ACT-12 | B17: Programar el registro de órdenes (monto total y anticipo capturados a mano) | C17: ACT-09 | D17: ACT-11 | G17: Carlos | H17: Jesus | I17: 2 | J17: 4 | K17: 7 | L17: =IF(COUNT(I17:K17)=3,(I17+4*J17+K17)/6,"") -> 4.1666667 | M17: =IF(COUNT(I17:K17)=3,(K17-I17)/6,"") -> 0.83333333 | N17: =IF($H$3<25,"",MAX(0,IF(C17="",0,INDEX($O$6:$O16,MATCH(C17,$A$6:$A16,0))),IF(D17="",0,INDEX($O$6:$O16,MATCH(D17,$A$6:$A16,0))),IF(E17="",0,INDEX($O$6:$O16,MATCH(E17,$A$6:$A16,0))),IF(F17="",0,INDEX($O$6:$O16,MATCH(F17,$A$6:$A16,0))))) -> 21.666667 | O17: =IF(N17="","",N17+L17) -> 25.833333 | P17: =IF(Q17="","",Q17-L17) -> 21.666667 | Q17: =IF($H$3<25,"",MIN($O$33,IF(COUNTIF(C18:C$30,A17)=0,1000000000,_xlfn.MINIFS($P18:$P$30,C18:C$30,A17)),IF(COUNTIF(D18:D$30,A17)=0,1000000000,_xlfn.MINIFS($P18:$P$30,D18:D$30,A17)),IF(COUNTIF(E18:E$30,A17)=0,1000000000,_xlfn.MINIFS($P18:$P$30,E18:E$30,A17)),IF(COUNTIF(F18:F$30,A17)=0,1000000000,_xlfn.MINIFS($P18:$P$30,F18:F$30,A17)))) -> 25.833333 | R17: =IF(P17="","",ROUND(P17-N17,4)) -> 0 | S17: =IF(R17="","",IF(R17=0,"Sí","No")) -> Sí | T17: =IF(N17="","",WORKDAY(Calendario!$B$3-1,ROUNDDOWN(N17,0)+1,Calendario!$B$8:$B$10)) -> 46322 | U17: =IF(O17="","",WORKDAY(Calendario!$B$3-1,MAX(1,ROUNDUP(O17,0)),Calendario!$B$8:$B$10)) -> 46329 | V17: =IF(T17="","",INT((T17-Calendario!$B$4)/7)+1) -> 8 | W17: =IF(U17="","",INT((U17-Calendario!$B$4)/7)+1) -> 9 | X17: =IF(COUNT(I17:K17)=3,IF(AND(I17<=J17,J17<=K17),"OK","Revisar: debe ser O ≤ M ≤ P"),"") -> OK | Y17: =IF(S17="Sí",Y16&IF(Y16="","", " → ")&A17,Y16) -> ACT-01 → ACT-05 → ACT-06 → ACT-07 → ACT-11 → ACT-12 | Z17: ACT-20
A18: ACT-13 | B18: Programar la asignación de técnicos y fechas a cada orden | C18: ACT-12 | G18: Omar | H18: Israel | I18: 3 | J18: 4 | K18: 6 | L18: =IF(COUNT(I18:K18)=3,(I18+4*J18+K18)/6,"") -> 4.1666667 | M18: =IF(COUNT(I18:K18)=3,(K18-I18)/6,"") -> 0.5 | N18: =IF($H$3<25,"",MAX(0,IF(C18="",0,INDEX($O$6:$O17,MATCH(C18,$A$6:$A17,0))),IF(D18="",0,INDEX($O$6:$O17,MATCH(D18,$A$6:$A17,0))),IF(E18="",0,INDEX($O$6:$O17,MATCH(E18,$A$6:$A17,0))),IF(F18="",0,INDEX($O$6:$O17,MATCH(F18,$A$6:$A17,0))))) -> 25.833333 | O18: =IF(N18="","",N18+L18) -> 30 | P18: =IF(Q18="","",Q18-L18) -> 26 | Q18: =IF($H$3<25,"",MIN($O$33,IF(COUNTIF(C19:C$30,A18)=0,1000000000,_xlfn.MINIFS($P19:$P$30,C19:C$30,A18)),IF(COUNTIF(D19:D$30,A18)=0,1000000000,_xlfn.MINIFS($P19:$P$30,D19:D$30,A18)),IF(COUNTIF(E19:E$30,A18)=0,1000000000,_xlfn.MINIFS($P19:$P$30,E19:E$30,A18)),IF(COUNTIF(F19:F$30,A18)=0,1000000000,_xlfn.MINIFS($P19:$P$30,F19:F$30,A18)))) -> 30.166667 | R18: =IF(P18="","",ROUND(P18-N18,4)) -> 0.1667 | S18: =IF(R18="","",IF(R18=0,"Sí","No")) -> No | T18: =IF(N18="","",WORKDAY(Calendario!$B$3-1,ROUNDDOWN(N18,0)+1,Calendario!$B$8:$B$10)) -> 46329 | U18: =IF(O18="","",WORKDAY(Calendario!$B$3-1,MAX(1,ROUNDUP(O18,0)),Calendario!$B$8:$B$10)) -> 46335 | V18: =IF(T18="","",INT((T18-Calendario!$B$4)/7)+1) -> 9 | W18: =IF(U18="","",INT((U18-Calendario!$B$4)/7)+1) -> 10 | X18: =IF(COUNT(I18:K18)=3,IF(AND(I18<=J18,J18<=K18),"OK","Revisar: debe ser O ≤ M ≤ P"),"") -> OK | Y18: =IF(S18="Sí",Y17&IF(Y17="","", " → ")&A18,Y17) -> ACT-01 → ACT-05 → ACT-06 → ACT-07 → ACT-11 → ACT-12 | Z18: ACT-21
A19: ACT-14 | B19: Programar el seguimiento de estatus: actualizar, registrar conclusión y cancelar | C19: ACT-12 | G19: Carlos | H19: Antonio | I19: 2 | J19: 4 | K19: 6 | L19: =IF(COUNT(I19:K19)=3,(I19+4*J19+K19)/6,"") -> 4 | M19: =IF(COUNT(I19:K19)=3,(K19-I19)/6,"") -> 0.66666667 | N19: =IF($H$3<25,"",MAX(0,IF(C19="",0,INDEX($O$6:$O18,MATCH(C19,$A$6:$A18,0))),IF(D19="",0,INDEX($O$6:$O18,MATCH(D19,$A$6:$A18,0))),IF(E19="",0,INDEX($O$6:$O18,MATCH(E19,$A$6:$A18,0))),IF(F19="",0,INDEX($O$6:$O18,MATCH(F19,$A$6:$A18,0))))) -> 25.833333 | O19: =IF(N19="","",N19+L19) -> 29.833333 | P19: =IF(Q19="","",Q19-L19) -> 26.166667 | Q19: =IF($H$3<25,"",MIN($O$33,IF(COUNTIF(C20:C$30,A19)=0,1000000000,_xlfn.MINIFS($P20:$P$30,C20:C$30,A19)),IF(COUNTIF(D20:D$30,A19)=0,1000000000,_xlfn.MINIFS($P20:$P$30,D20:D$30,A19)),IF(COUNTIF(E20:E$30,A19)=0,1000000000,_xlfn.MINIFS($P20:$P$30,E20:E$30,A19)),IF(COUNTIF(F20:F$30,A19)=0,1000000000,_xlfn.MINIFS($P20:$P$30,F20:F$30,A19)))) -> 30.166667 | R19: =IF(P19="","",ROUND(P19-N19,4)) -> 0.3333 | S19: =IF(R19="","",IF(R19=0,"Sí","No")) -> No | T19: =IF(N19="","",WORKDAY(Calendario!$B$3-1,ROUNDDOWN(N19,0)+1,Calendario!$B$8:$B$10)) -> 46329 | U19: =IF(O19="","",WORKDAY(Calendario!$B$3-1,MAX(1,ROUNDUP(O19,0)),Calendario!$B$8:$B$10)) -> 46335 | V19: =IF(T19="","",INT((T19-Calendario!$B$4)/7)+1) -> 9 | W19: =IF(U19="","",INT((U19-Calendario!$B$4)/7)+1) -> 10 | X19: =IF(COUNT(I19:K19)=3,IF(AND(I19<=J19,J19<=K19),"OK","Revisar: debe ser O ≤ M ≤ P"),"") -> OK | Y19: =IF(S19="Sí",Y18&IF(Y18="","", " → ")&A19,Y18) -> ACT-01 → ACT-05 → ACT-06 → ACT-07 → ACT-11 → ACT-12 | Z19: ACT-20
A20: ACT-15 | B20: Programar el historial de órdenes por cliente y los filtros por estatus y técnico | C20: ACT-10 | D20: ACT-12 | G20: Antonio | H20: Omar | I20: 3 | J20: 4 | K20: 6 | L20: =IF(COUNT(I20:K20)=3,(I20+4*J20+K20)/6,"") -> 4.1666667 | M20: =IF(COUNT(I20:K20)=3,(K20-I20)/6,"") -> 0.5 | N20: =IF($H$3<25,"",MAX(0,IF(C20="",0,INDEX($O$6:$O19,MATCH(C20,$A$6:$A19,0))),IF(D20="",0,INDEX($O$6:$O19,MATCH(D20,$A$6:$A19,0))),IF(E20="",0,INDEX($O$6:$O19,MATCH(E20,$A$6:$A19,0))),IF(F20="",0,INDEX($O$6:$O19,MATCH(F20,$A$6:$A19,0))))) -> 25.833333 | O20: =IF(N20="","",N20+L20) -> 30 | P20: =IF(Q20="","",Q20-L20) -> 25.833333 | Q20: =IF($H$3<25,"",MIN($O$33,IF(COUNTIF(C21:C$30,A20)=0,1000000000,_xlfn.MINIFS($P21:$P$30,C21:C$30,A20)),IF(COUNTIF(D21:D$30,A20)=0,1000000000,_xlfn.MINIFS($P21:$P$30,D21:D$30,A20)),IF(COUNTIF(E21:E$30,A20)=0,1000000000,_xlfn.MINIFS($P21:$P$30,E21:E$30,A20)),IF(COUNTIF(F21:F$30,A20)=0,1000000000,_xlfn.MINIFS($P21:$P$30,F21:F$30,A20)))) -> 30 | R20: =IF(P20="","",ROUND(P20-N20,4)) -> 0 | S20: =IF(R20="","",IF(R20=0,"Sí","No")) -> Sí | T20: =IF(N20="","",WORKDAY(Calendario!$B$3-1,ROUNDDOWN(N20,0)+1,Calendario!$B$8:$B$10)) -> 46329 | U20: =IF(O20="","",WORKDAY(Calendario!$B$3-1,MAX(1,ROUNDUP(O20,0)),Calendario!$B$8:$B$10)) -> 46335 | V20: =IF(T20="","",INT((T20-Calendario!$B$4)/7)+1) -> 9 | W20: =IF(U20="","",INT((U20-Calendario!$B$4)/7)+1) -> 10 | X20: =IF(COUNT(I20:K20)=3,IF(AND(I20<=J20,J20<=K20),"OK","Revisar: debe ser O ≤ M ≤ P"),"") -> OK | Y20: =IF(S20="Sí",Y19&IF(Y19="","", " → ")&A20,Y19) -> ACT-01 → ACT-05 → ACT-06 → ACT-07 → ACT-11 → ACT-12 → ACT-15 | Z20: ACT-17
A21: ACT-16 | B21: Restringir las acciones sobre las órdenes según el rol | C21: ACT-08 | D21: ACT-12 | G21: Omar | H21: Carlos | I21: 3 | J21: 4 | K21: 6 | L21: =IF(COUNT(I21:K21)=3,(I21+4*J21+K21)/6,"") -> 4.1666667 | M21: =IF(COUNT(I21:K21)=3,(K21-I21)/6,"") -> 0.5 | N21: =IF($H$3<25,"",MAX(0,IF(C21="",0,INDEX($O$6:$O20,MATCH(C21,$A$6:$A20,0))),IF(D21="",0,INDEX($O$6:$O20,MATCH(D21,$A$6:$A20,0))),IF(E21="",0,INDEX($O$6:$O20,MATCH(E21,$A$6:$A20,0))),IF(F21="",0,INDEX($O$6:$O20,MATCH(F21,$A$6:$A20,0))))) -> 25.833333 | O21: =IF(N21="","",N21+L21) -> 30 | P21: =IF(Q21="","",Q21-L21) -> 25.833333 | Q21: =IF($H$3<25,"",MIN($O$33,IF(COUNTIF(C22:C$30,A21)=0,1000000000,_xlfn.MINIFS($P22:$P$30,C22:C$30,A21)),IF(COUNTIF(D22:D$30,A21)=0,1000000000,_xlfn.MINIFS($P22:$P$30,D22:D$30,A21)),IF(COUNTIF(E22:E$30,A21)=0,1000000000,_xlfn.MINIFS($P22:$P$30,E22:E$30,A21)),IF(COUNTIF(F22:F$30,A21)=0,1000000000,_xlfn.MINIFS($P22:$P$30,F22:F$30,A21)))) -> 30 | R21: =IF(P21="","",ROUND(P21-N21,4)) -> 0 | S21: =IF(R21="","",IF(R21=0,"Sí","No")) -> Sí | T21: =IF(N21="","",WORKDAY(Calendario!$B$3-1,ROUNDDOWN(N21,0)+1,Calendario!$B$8:$B$10)) -> 46329 | U21: =IF(O21="","",WORKDAY(Calendario!$B$3-1,MAX(1,ROUNDUP(O21,0)),Calendario!$B$8:$B$10)) -> 46335 | V21: =IF(T21="","",INT((T21-Calendario!$B$4)/7)+1) -> 9 | W21: =IF(U21="","",INT((U21-Calendario!$B$4)/7)+1) -> 10 | X21: =IF(COUNT(I21:K21)=3,IF(AND(I21<=J21,J21<=K21),"OK","Revisar: debe ser O ≤ M ≤ P"),"") -> OK | Y21: =IF(S21="Sí",Y20&IF(Y20="","", " → ")&A21,Y20) -> ACT-01 → ACT-05 → ACT-06 → ACT-07 → ACT-11 → ACT-12 → ACT-15 → ACT-16 | Z21: ACT-13
A22: ACT-17 | B22: Demo del MVP y firma del acta con el dueño | C22: ACT-13 | D22: ACT-14 | E22: ACT-15 | F22: ACT-16 | G22: Jesús | H22: Israel | I22: 2 | J22: 4 | K22: 6 | L22: =IF(COUNT(I22:K22)=3,(I22+4*J22+K22)/6,"") -> 4 | M22: =IF(COUNT(I22:K22)=3,(K22-I22)/6,"") -> 0.66666667 | N22: =IF($H$3<25,"",MAX(0,IF(C22="",0,INDEX($O$6:$O21,MATCH(C22,$A$6:$A21,0))),IF(D22="",0,INDEX($O$6:$O21,MATCH(D22,$A$6:$A21,0))),IF(E22="",0,INDEX($O$6:$O21,MATCH(E22,$A$6:$A21,0))),IF(F22="",0,INDEX($O$6:$O21,MATCH(F22,$A$6:$A21,0))))) -> 30 | O22: =IF(N22="","",N22+L22) -> 34 | P22: =IF(Q22="","",Q22-L22) -> 30.166667 | Q22: =IF($H$3<25,"",MIN($O$33,IF(COUNTIF(C23:C$30,A22)=0,1000000000,_xlfn.MINIFS($P23:$P$30,C23:C$30,A22)),IF(COUNTIF(D23:D$30,A22)=0,1000000000,_xlfn.MINIFS($P23:$P$30,D23:D$30,A22)),IF(COUNTIF(E23:E$30,A22)=0,1000000000,_xlfn.MINIFS($P23:$P$30,E23:E$30,A22)),IF(COUNTIF(F23:F$30,A22)=0,1000000000,_xlfn.MINIFS($P23:$P$30,F23:F$30,A22)))) -> 34.166667 | R22: =IF(P22="","",ROUND(P22-N22,4)) -> 0.1667 | S22: =IF(R22="","",IF(R22=0,"Sí","No")) -> No | T22: =IF(N22="","",WORKDAY(Calendario!$B$3-1,ROUNDDOWN(N22,0)+1,Calendario!$B$8:$B$10)) -> 46336 | U22: =IF(O22="","",WORKDAY(Calendario!$B$3-1,MAX(1,ROUNDUP(O22,0)),Calendario!$B$8:$B$10)) -> 46339 | V22: =IF(T22="","",INT((T22-Calendario!$B$4)/7)+1) -> 10 | W22: =IF(U22="","",INT((U22-Calendario!$B$4)/7)+1) -> 10 | X22: =IF(COUNT(I22:K22)=3,IF(AND(I22<=J22,J22<=K22),"OK","Revisar: debe ser O ≤ M ≤ P"),"") -> OK | Y22: =IF(S22="Sí",Y21&IF(Y21="","", " → ")&A22,Y21) -> ACT-01 → ACT-05 → ACT-06 → ACT-07 → ACT-11 → ACT-12 → ACT-15 → ACT-16 | Z22: ACT-18
A23: ACT-18 | B23: Redactar el plan y los casos de prueba | C23: ACT-10 | G23: Israel | H23: Carlos | I23: 3 | J23: 4 | K23: 6 | L23: =IF(COUNT(I23:K23)=3,(I23+4*J23+K23)/6,"") -> 4.1666667 | M23: =IF(COUNT(I23:K23)=3,(K23-I23)/6,"") -> 0.5 | N23: =IF($H$3<25,"",MAX(0,IF(C23="",0,INDEX($O$6:$O22,MATCH(C23,$A$6:$A22,0))),IF(D23="",0,INDEX($O$6:$O22,MATCH(D23,$A$6:$A22,0))),IF(E23="",0,INDEX($O$6:$O22,MATCH(E23,$A$6:$A22,0))),IF(F23="",0,INDEX($O$6:$O22,MATCH(F23,$A$6:$A22,0))))) -> 25.166667 | O23: =IF(N23="","",N23+L23) -> 29.333333 | P23: =IF(Q23="","",Q23-L23) -> 25.833333 | Q23: =IF($H$3<25,"",MIN($O$33,IF(COUNTIF(C24:C$30,A23)=0,1000000000,_xlfn.MINIFS($P24:$P$30,C24:C$30,A23)),IF(COUNTIF(D24:D$30,A23)=0,1000000000,_xlfn.MINIFS($P24:$P$30,D24:D$30,A23)),IF(COUNTIF(E24:E$30,A23)=0,1000000000,_xlfn.MINIFS($P24:$P$30,E24:E$30,A23)),IF(COUNTIF(F24:F$30,A23)=0,1000000000,_xlfn.MINIFS($P24:$P$30,F24:F$30,A23)))) -> 30 | R23: =IF(P23="","",ROUND(P23-N23,4)) -> 0.6667 | S23: =IF(R23="","",IF(R23=0,"Sí","No")) -> No | T23: =IF(N23="","",WORKDAY(Calendario!$B$3-1,ROUNDDOWN(N23,0)+1,Calendario!$B$8:$B$10)) -> 46329 | U23: =IF(O23="","",WORKDAY(Calendario!$B$3-1,MAX(1,ROUNDUP(O23,0)),Calendario!$B$8:$B$10)) -> 46335 | V23: =IF(T23="","",INT((T23-Calendario!$B$4)/7)+1) -> 9 | W23: =IF(U23="","",INT((U23-Calendario!$B$4)/7)+1) -> 10 | X23: =IF(COUNT(I23:K23)=3,IF(AND(I23<=J23,J23<=K23),"OK","Revisar: debe ser O ≤ M ≤ P"),"") -> OK | Y23: =IF(S23="Sí",Y22&IF(Y22="","", " → ")&A23,Y22) -> ACT-01 → ACT-05 → ACT-06 → ACT-07 → ACT-11 → ACT-12 → ACT-15 → ACT-16 | Z23: ACT-23
A24: ACT-19 | B24: Ejecutar las pruebas de acceso por rol | C24: ACT-16 | D24: ACT-18 | G24: Jesús | H24: Carlos | I24: 3 | J24: 4 | K24: 6 | L24: =IF(COUNT(I24:K24)=3,(I24+4*J24+K24)/6,"") -> 4.1666667 | M24: =IF(COUNT(I24:K24)=3,(K24-I24)/6,"") -> 0.5 | N24: =IF($H$3<25,"",MAX(0,IF(C24="",0,INDEX($O$6:$O23,MATCH(C24,$A$6:$A23,0))),IF(D24="",0,INDEX($O$6:$O23,MATCH(D24,$A$6:$A23,0))),IF(E24="",0,INDEX($O$6:$O23,MATCH(E24,$A$6:$A23,0))),IF(F24="",0,INDEX($O$6:$O23,MATCH(F24,$A$6:$A23,0))))) -> 30 | O24: =IF(N24="","",N24+L24) -> 34.166667 | P24: =IF(Q24="","",Q24-L24) -> 30 | Q24: =IF($H$3<25,"",MIN($O$33,IF(COUNTIF(C25:C$30,A24)=0,1000000000,_xlfn.MINIFS($P25:$P$30,C25:C$30,A24)),IF(COUNTIF(D25:D$30,A24)=0,1000000000,_xlfn.MINIFS($P25:$P$30,D25:D$30,A24)),IF(COUNTIF(E25:E$30,A24)=0,1000000000,_xlfn.MINIFS($P25:$P$30,E25:E$30,A24)),IF(COUNTIF(F25:F$30,A24)=0,1000000000,_xlfn.MINIFS($P25:$P$30,F25:F$30,A24)))) -> 34.166667 | R24: =IF(P24="","",ROUND(P24-N24,4)) -> 0 | S24: =IF(R24="","",IF(R24=0,"Sí","No")) -> Sí | T24: =IF(N24="","",WORKDAY(Calendario!$B$3-1,ROUNDDOWN(N24,0)+1,Calendario!$B$8:$B$10)) -> 46336 | U24: =IF(O24="","",WORKDAY(Calendario!$B$3-1,MAX(1,ROUNDUP(O24,0)),Calendario!$B$8:$B$10)) -> 46343 | V24: =IF(T24="","",INT((T24-Calendario!$B$4)/7)+1) -> 10 | W24: =IF(U24="","",INT((U24-Calendario!$B$4)/7)+1) -> 11 | X24: =IF(COUNT(I24:K24)=3,IF(AND(I24<=J24,J24<=K24),"OK","Revisar: debe ser O ≤ M ≤ P"),"") -> OK | Y24: =IF(S24="Sí",Y23&IF(Y23="","", " → ")&A24,Y23) -> ACT-01 → ACT-05 → ACT-06 → ACT-07 → ACT-11 → ACT-12 → ACT-15 → ACT-16 → ACT-19 | Z24: ACT-24
A25: ACT-20 | B25: Cronometrar la búsqueda de clientes y el registro de órdenes | C25: ACT-15 | D25: ACT-18 | G25: Israel | H25: Jesus | I25: 3 | J25: 4 | K25: 6 | L25: =IF(COUNT(I25:K25)=3,(I25+4*J25+K25)/6,"") -> 4.1666667 | M25: =IF(COUNT(I25:K25)=3,(K25-I25)/6,"") -> 0.5 | N25: =IF($H$3<25,"",MAX(0,IF(C25="",0,INDEX($O$6:$O24,MATCH(C25,$A$6:$A24,0))),IF(D25="",0,INDEX($O$6:$O24,MATCH(D25,$A$6:$A24,0))),IF(E25="",0,INDEX($O$6:$O24,MATCH(E25,$A$6:$A24,0))),IF(F25="",0,INDEX($O$6:$O24,MATCH(F25,$A$6:$A24,0))))) -> 30 | O25: =IF(N25="","",N25+L25) -> 34.166667 | P25: =IF(Q25="","",Q25-L25) -> 30 | Q25: =IF($H$3<25,"",MIN($O$33,IF(COUNTIF(C26:C$30,A25)=0,1000000000,_xlfn.MINIFS($P26:$P$30,C26:C$30,A25)),IF(COUNTIF(D26:D$30,A25)=0,1000000000,_xlfn.MINIFS($P26:$P$30,D26:D$30,A25)),IF(COUNTIF(E26:E$30,A25)=0,1000000000,_xlfn.MINIFS($P26:$P$30,E26:E$30,A25)),IF(COUNTIF(F26:F$30,A25)=0,1000000000,_xlfn.MINIFS($P26:$P$30,F26:F$30,A25)))) -> 34.166667 | R25: =IF(P25="","",ROUND(P25-N25,4)) -> 0 | S25: =IF(R25="","",IF(R25=0,"Sí","No")) -> Sí | T25: =IF(N25="","",WORKDAY(Calendario!$B$3-1,ROUNDDOWN(N25,0)+1,Calendario!$B$8:$B$10)) -> 46336 | U25: =IF(O25="","",WORKDAY(Calendario!$B$3-1,MAX(1,ROUNDUP(O25,0)),Calendario!$B$8:$B$10)) -> 46343 | V25: =IF(T25="","",INT((T25-Calendario!$B$4)/7)+1) -> 10 | W25: =IF(U25="","",INT((U25-Calendario!$B$4)/7)+1) -> 11 | X25: =IF(COUNT(I25:K25)=3,IF(AND(I25<=J25,J25<=K25),"OK","Revisar: debe ser O ≤ M ≤ P"),"") -> OK | Y25: =IF(S25="Sí",Y24&IF(Y24="","", " → ")&A25,Y24) -> ACT-01 → ACT-05 → ACT-06 → ACT-07 → ACT-11 → ACT-12 → ACT-15 → ACT-16 → ACT-19 → ACT-20 | Z25: ACT-25
A26: ACT-21 | B26: Corregir los defectos encontrados | C26: ACT-17 | D26: ACT-19 | E26: ACT-20 | G26: Antonio | H26: Omar | I26: 4 | J26: 5 | K26: 7 | L26: =IF(COUNT(I26:K26)=3,(I26+4*J26+K26)/6,"") -> 5.1666667 | M26: =IF(COUNT(I26:K26)=3,(K26-I26)/6,"") -> 0.5 | N26: =IF($H$3<25,"",MAX(0,IF(C26="",0,INDEX($O$6:$O25,MATCH(C26,$A$6:$A25,0))),IF(D26="",0,INDEX($O$6:$O25,MATCH(D26,$A$6:$A25,0))),IF(E26="",0,INDEX($O$6:$O25,MATCH(E26,$A$6:$A25,0))),IF(F26="",0,INDEX($O$6:$O25,MATCH(F26,$A$6:$A25,0))))) -> 34.166667 | O26: =IF(N26="","",N26+L26) -> 39.333333 | P26: =IF(Q26="","",Q26-L26) -> 34.166667 | Q26: =IF($H$3<25,"",MIN($O$33,IF(COUNTIF(C27:C$30,A26)=0,1000000000,_xlfn.MINIFS($P27:$P$30,C27:C$30,A26)),IF(COUNTIF(D27:D$30,A26)=0,1000000000,_xlfn.MINIFS($P27:$P$30,D27:D$30,A26)),IF(COUNTIF(E27:E$30,A26)=0,1000000000,_xlfn.MINIFS($P27:$P$30,E27:E$30,A26)),IF(COUNTIF(F27:F$30,A26)=0,1000000000,_xlfn.MINIFS($P27:$P$30,F27:F$30,A26)))) -> 39.333333 | R26: =IF(P26="","",ROUND(P26-N26,4)) -> 0 | S26: =IF(R26="","",IF(R26=0,"Sí","No")) -> Sí | T26: =IF(N26="","",WORKDAY(Calendario!$B$3-1,ROUNDDOWN(N26,0)+1,Calendario!$B$8:$B$10)) -> 46343 | U26: =IF(O26="","",WORKDAY(Calendario!$B$3-1,MAX(1,ROUNDUP(O26,0)),Calendario!$B$8:$B$10)) -> 46350 | V26: =IF(T26="","",INT((T26-Calendario!$B$4)/7)+1) -> 11 | W26: =IF(U26="","",INT((U26-Calendario!$B$4)/7)+1) -> 12 | X26: =IF(COUNT(I26:K26)=3,IF(AND(I26<=J26,J26<=K26),"OK","Revisar: debe ser O ≤ M ≤ P"),"") -> OK | Y26: =IF(S26="Sí",Y25&IF(Y25="","", " → ")&A26,Y25) -> ACT-01 → ACT-05 → ACT-06 → ACT-07 → ACT-11 → ACT-12 → ACT-15 → ACT-16 → ACT-19 → ACT-20 → ACT-21 | Z26: ACT-26
A27: ACT-22 | B27: Redactar el manual de usuario | C27: ACT-17 | G27: Israel | H27: Carlos | I27: 4 | J27: 5 | K27: 7 | L27: =IF(COUNT(I27:K27)=3,(I27+4*J27+K27)/6,"") -> 5.1666667 | M27: =IF(COUNT(I27:K27)=3,(K27-I27)/6,"") -> 0.5 | N27: =IF($H$3<25,"",MAX(0,IF(C27="",0,INDEX($O$6:$O26,MATCH(C27,$A$6:$A26,0))),IF(D27="",0,INDEX($O$6:$O26,MATCH(D27,$A$6:$A26,0))),IF(E27="",0,INDEX($O$6:$O26,MATCH(E27,$A$6:$A26,0))),IF(F27="",0,INDEX($O$6:$O26,MATCH(F27,$A$6:$A26,0))))) -> 34 | O27: =IF(N27="","",N27+L27) -> 39.166667 | P27: =IF(Q27="","",Q27-L27) -> 34.166667 | Q27: =IF($H$3<25,"",MIN($O$33,IF(COUNTIF(C28:C$30,A27)=0,1000000000,_xlfn.MINIFS($P28:$P$30,C28:C$30,A27)),IF(COUNTIF(D28:D$30,A27)=0,1000000000,_xlfn.MINIFS($P28:$P$30,D28:D$30,A27)),IF(COUNTIF(E28:E$30,A27)=0,1000000000,_xlfn.MINIFS($P28:$P$30,E28:E$30,A27)),IF(COUNTIF(F28:F$30,A27)=0,1000000000,_xlfn.MINIFS($P28:$P$30,F28:F$30,A27)))) -> 39.333333 | R27: =IF(P27="","",ROUND(P27-N27,4)) -> 0.1667 | S27: =IF(R27="","",IF(R27=0,"Sí","No")) -> No | T27: =IF(N27="","",WORKDAY(Calendario!$B$3-1,ROUNDDOWN(N27,0)+1,Calendario!$B$8:$B$10)) -> 46343 | U27: =IF(O27="","",WORKDAY(Calendario!$B$3-1,MAX(1,ROUNDUP(O27,0)),Calendario!$B$8:$B$10)) -> 46350 | V27: =IF(T27="","",INT((T27-Calendario!$B$4)/7)+1) -> 11 | W27: =IF(U27="","",INT((U27-Calendario!$B$4)/7)+1) -> 12 | X27: =IF(COUNT(I27:K27)=3,IF(AND(I27<=J27,J27<=K27),"OK","Revisar: debe ser O ≤ M ≤ P"),"") -> OK | Y27: =IF(S27="Sí",Y26&IF(Y26="","", " → ")&A27,Y26) -> ACT-01 → ACT-05 → ACT-06 → ACT-07 → ACT-11 → ACT-12 → ACT-15 → ACT-16 → ACT-19 → ACT-20 → ACT-21 | Z27: ACT-27
A28: ACT-23 | B28: Capacitar al personal de Eclipse Comunicaciones | C28: ACT-21 | D28: ACT-22 | G28: Israel | H28: Israel | I28: 3 | J28: 4 | K28: 6 | L28: =IF(COUNT(I28:K28)=3,(I28+4*J28+K28)/6,"") -> 4.1666667 | M28: =IF(COUNT(I28:K28)=3,(K28-I28)/6,"") -> 0.5 | N28: =IF($H$3<25,"",MAX(0,IF(C28="",0,INDEX($O$6:$O27,MATCH(C28,$A$6:$A27,0))),IF(D28="",0,INDEX($O$6:$O27,MATCH(D28,$A$6:$A27,0))),IF(E28="",0,INDEX($O$6:$O27,MATCH(E28,$A$6:$A27,0))),IF(F28="",0,INDEX($O$6:$O27,MATCH(F28,$A$6:$A27,0))))) -> 39.333333 | O28: =IF(N28="","",N28+L28) -> 43.5 | P28: =IF(Q28="","",Q28-L28) -> 39.333333 | Q28: =IF($H$3<25,"",MIN($O$33,IF(COUNTIF(C29:C$30,A28)=0,1000000000,_xlfn.MINIFS($P29:$P$30,C29:C$30,A28)),IF(COUNTIF(D29:D$30,A28)=0,1000000000,_xlfn.MINIFS($P29:$P$30,D29:D$30,A28)),IF(COUNTIF(E29:E$30,A28)=0,1000000000,_xlfn.MINIFS($P29:$P$30,E29:E$30,A28)),IF(COUNTIF(F29:F$30,A28)=0,1000000000,_xlfn.MINIFS($P29:$P$30,F29:F$30,A28)))) -> 43.5 | R28: =IF(P28="","",ROUND(P28-N28,4)) -> 0 | S28: =IF(R28="","",IF(R28=0,"Sí","No")) -> Sí | T28: =IF(N28="","",WORKDAY(Calendario!$B$3-1,ROUNDDOWN(N28,0)+1,Calendario!$B$8:$B$10)) -> 46350 | U28: =IF(O28="","",WORKDAY(Calendario!$B$3-1,MAX(1,ROUNDUP(O28,0)),Calendario!$B$8:$B$10)) -> 46356 | V28: =IF(T28="","",INT((T28-Calendario!$B$4)/7)+1) -> 12 | W28: =IF(U28="","",INT((U28-Calendario!$B$4)/7)+1) -> 13 | X28: =IF(COUNT(I28:K28)=3,IF(AND(I28<=J28,J28<=K28),"OK","Revisar: debe ser O ≤ M ≤ P"),"") -> OK | Y28: =IF(S28="Sí",Y27&IF(Y27="","", " → ")&A28,Y27) -> ACT-01 → ACT-05 → ACT-06 → ACT-07 → ACT-11 → ACT-12 → ACT-15 → ACT-16 → ACT-19 → ACT-20 → ACT-21 → ACT-23 | Z28: ACT-28
A29: ACT-24 | B29: Entregar la versión final y recabar el acta | C29: ACT-23 | G29: Jesús | H29: Antonio | I29: 2 | J29: 3 | K29: 5 | L29: =IF(COUNT(I29:K29)=3,(I29+4*J29+K29)/6,"") -> 3.1666667 | M29: =IF(COUNT(I29:K29)=3,(K29-I29)/6,"") -> 0.5 | N29: =IF($H$3<25,"",MAX(0,IF(C29="",0,INDEX($O$6:$O28,MATCH(C29,$A$6:$A28,0))),IF(D29="",0,INDEX($O$6:$O28,MATCH(D29,$A$6:$A28,0))),IF(E29="",0,INDEX($O$6:$O28,MATCH(E29,$A$6:$A28,0))),IF(F29="",0,INDEX($O$6:$O28,MATCH(F29,$A$6:$A28,0))))) -> 43.5 | O29: =IF(N29="","",N29+L29) -> 46.666667 | P29: =IF(Q29="","",Q29-L29) -> 43.5 | Q29: =IF($H$3<25,"",MIN($O$33,IF(COUNTIF(C30:C$30,A29)=0,1000000000,_xlfn.MINIFS($P30:$P$30,C30:C$30,A29)),IF(COUNTIF(D30:D$30,A29)=0,1000000000,_xlfn.MINIFS($P30:$P$30,D30:D$30,A29)),IF(COUNTIF(E30:E$30,A29)=0,1000000000,_xlfn.MINIFS($P30:$P$30,E30:E$30,A29)),IF(COUNTIF(F30:F$30,A29)=0,1000000000,_xlfn.MINIFS($P30:$P$30,F30:F$30,A29)))) -> 46.666667 | R29: =IF(P29="","",ROUND(P29-N29,4)) -> 0 | S29: =IF(R29="","",IF(R29=0,"Sí","No")) -> Sí | T29: =IF(N29="","",WORKDAY(Calendario!$B$3-1,ROUNDDOWN(N29,0)+1,Calendario!$B$8:$B$10)) -> 46356 | U29: =IF(O29="","",WORKDAY(Calendario!$B$3-1,MAX(1,ROUNDUP(O29,0)),Calendario!$B$8:$B$10)) -> 46359 | V29: =IF(T29="","",INT((T29-Calendario!$B$4)/7)+1) -> 13 | W29: =IF(U29="","",INT((U29-Calendario!$B$4)/7)+1) -> 13 | X29: =IF(COUNT(I29:K29)=3,IF(AND(I29<=J29,J29<=K29),"OK","Revisar: debe ser O ≤ M ≤ P"),"") -> OK | Y29: =IF(S29="Sí",Y28&IF(Y28="","", " → ")&A29,Y28) -> ACT-01 → ACT-05 → ACT-06 → ACT-07 → ACT-11 → ACT-12 → ACT-15 → ACT-16 → ACT-19 → ACT-20 → ACT-21 → ACT-23 → ACT-24 | Z29: ACT-29
A30: ACT-25 | B30: Retrospectiva final y presentación del proyecto | C30: ACT-24 | G30: Israel | H30: Israel | I30: 2 | J30: 3 | K30: 5 | L30: =IF(COUNT(I30:K30)=3,(I30+4*J30+K30)/6,"") -> 3.1666667 | M30: =IF(COUNT(I30:K30)=3,(K30-I30)/6,"") -> 0.5 | N30: =IF($H$3<25,"",MAX(0,IF(C30="",0,INDEX($O$6:$O29,MATCH(C30,$A$6:$A29,0))),IF(D30="",0,INDEX($O$6:$O29,MATCH(D30,$A$6:$A29,0))),IF(E30="",0,INDEX($O$6:$O29,MATCH(E30,$A$6:$A29,0))),IF(F30="",0,INDEX($O$6:$O29,MATCH(F30,$A$6:$A29,0))))) -> 46.666667 | O30: =IF(N30="","",N30+L30) -> 49.833333 | P30: =IF(Q30="","",Q30-L30) -> 46.666667 | Q30: =IF($H$3<25,"",$O$33) -> 49.833333 | R30: =IF(P30="","",ROUND(P30-N30,4)) -> 0 | S30: =IF(R30="","",IF(R30=0,"Sí","No")) -> Sí | T30: =IF(N30="","",WORKDAY(Calendario!$B$3-1,ROUNDDOWN(N30,0)+1,Calendario!$B$8:$B$10)) -> 46359 | U30: =IF(O30="","",WORKDAY(Calendario!$B$3-1,MAX(1,ROUNDUP(O30,0)),Calendario!$B$8:$B$10)) -> 46364 | V30: =IF(T30="","",INT((T30-Calendario!$B$4)/7)+1) -> 13 | W30: =IF(U30="","",INT((U30-Calendario!$B$4)/7)+1) -> 14 | X30: =IF(COUNT(I30:K30)=3,IF(AND(I30<=J30,J30<=K30),"OK","Revisar: debe ser O ≤ M ≤ P"),"") -> OK | Y30: =IF(S30="Sí",Y29&IF(Y29="","", " → ")&A30,Y29) -> ACT-01 → ACT-05 → ACT-06 → ACT-07 → ACT-11 → ACT-12 → ACT-15 → ACT-16 → ACT-19 → ACT-20 → ACT-21 → ACT-23 → ACT-24 → ACT-25 | Z30: ACT-30
B32: Total esperado (suma de te de todas las actividades) | L32: =IF(H3<25,"",SUM(L6:L30)) -> 101.66667
B33: Duración del proyecto = FT máximo (días hábiles) | O33: =IF(H3<25,"",MAX(O6:O30)) -> 49.833333
B34: Ruta crítica (actividades con holgura 0) | C34: =IF(H3<25,"",Y30) -> ACT-01 → ACT-05 → ACT-06 → ACT-07 → ACT-11 → ACT-12 → ACT-15 → ACT-16 → ACT-19 → ACT-20 → ACT-21 → ACT-23 → ACT-24 → ACT-25
B35: σ de la ruta crítica = √(Σσ² de las críticas) | L35: =IF(H3<25,"",SQRT(SUMPRODUCT((S6:S30="Sí")*(M6:M30)^2))) -> 2.2546249
B36: ¿Termina dentro de las 15 semanas? | C36: =IF(H3<25,"",IF(MAX(U6:U30)<=Calendario!B6,"Sí — termina el "&TEXT(MAX(U6:U30),"dd/mm/yyyy")&" (límite "&TEXT(Calendario!B6,"dd/mm/yyyy")&")","NO — se pasa; termina el "&TEXT(MAX(U6:U30),"dd/mm/yyyy"))) -> Sí — termina el 08/12/yyyy (límite 18/12/yyyy)
A38: Notas
A39: 1. Actividades y predecesoras: Tabla 3 de A06 reducida al alcance de órdenes de servicio (sin catálogo de precios ni cotizaciones en PDF). La columna Z indica a qué actividad de A06 corresponde cada una.
A40: 2. Valores O, M y P de ACT-01 a ACT-10: los capturó el equipo. Valores de ACT-11 a ACT-25 (naranja): propuesta de Claude a partir de las horas de A06 y de los valores del equipo; no son definitivos hasta que el equipo los autorice.
A41: 3. Los días son HÁBILES (lunes a viernes). Las fechas excluyen fines de semana y los 3 días inhábiles de la hoja Calendario.
A42: 4. Fechas: Inicio = día hábil número ⌊IT⌋+1 y Fin = día hábil número ⌈FT⌉ desde la fecha de inicio del proyecto (hoja Calendario).
A43: 5. Las filas en rojo son la ruta crítica (holgura = 0). Las fórmulas requieren que las predecesoras tengan un ID menor (así están ordenadas).

Sheet Gantt
A1: Gantt (días hábiles) — se llena solo desde la hoja PERT
A2: Rojo = ruta crítica · Azul = actividad con holgura · Dorado = hito (fecha límite de sprint) · Gris = día inhábil. El calendario va de la semana 1 (7 de septiembre) a la semana 15 (18 de diciembre). Para el entregable, exporten esta hoja o rehagan el Gantt en GanttProject/ProjectLibre.
G4: =IF(TRUE(),"S"&(INT((G5-Calendario!$B$4)/7)+1),"") -> S1 | H4: =IF(WEEKDAY(H5,2)<WEEKDAY(G5,2),"S"&(INT((H5-Calendario!$B$4)/7)+1),"") | I4: =IF(WEEKDAY(I5,2)<WEEKDAY(H5,2),"S"&(INT((I5-Calendario!$B$4)/7)+1),"") | J4: =IF(WEEKDAY(J5,2)<WEEKDAY(I5,2),"S"&(INT((J5-Calendario!$B$4)/7)+1),"") | K4: =IF(WEEKDAY(K5,2)<WEEKDAY(J5,2),"S"&(INT((K5-Calendario!$B$4)/7)+1),"") | L4: =IF(WEEKDAY(L5,2)<WEEKDAY(K5,2),"S"&(INT((L5-Calendario!$B$4)/7)+1),"") -> S2 | M4: =IF(WEEKDAY(M5,2)<WEEKDAY(L5,2),"S"&(INT((M5-Calendario!$B$4)/7)+1),"") | N4: =IF(WEEKDAY(N5,2)<WEEKDAY(M5,2),"S"&(INT((N5-Calendario!$B$4)/7)+1),"") | O4: =IF(WEEKDAY(O5,2)<WEEKDAY(N5,2),"S"&(INT((O5-Calendario!$B$4)/7)+1),"") | ... CC4: =IF(WEEKDAY(CC5,2)<WEEKDAY(CB5,2),"S"&(INT((CC5-Calendario!$B$4)/7)+1),"")
A5: ID | B5: Actividad | C5: Responsable | D5: Inicio | E5: Fin | F5: ¿Crítica? | G5: =Calendario!$B$4 -> 46272 | H5: =WORKDAY(G5,1) -> 46273 | I5: =WORKDAY(H5,1) -> 46274 | J5: =WORKDAY(I5,1) -> 46275 | K5: =WORKDAY(J5,1) -> 46276 | L5: =WORKDAY(K5,1) -> 46279 | M5: =WORKDAY(L5,1) -> 46280 | N5: =WORKDAY(M5,1) -> 46281 | O5: =WORKDAY(N5,1) -> 46282 | ... CC5: =WORKDAY(CB5,1) -> 46374
A6: =PERT!A6 -> ACT-01 | B6: =PERT!B6 -> Configurar el tablero Trello y planear el Sprint 0 | C6: =PERT!G6 -> Israel | D6: =PERT!T6 -> 46293 | E6: =PERT!U6 -> 46295 | F6: =PERT!S6 -> Sí
A7: =PERT!A7 -> ACT-02 | B7: =PERT!B7 -> Ordenar el repositorio GitHub, ramas y carpeta /portafolio | C7: =PERT!G7 -> Carlos | D7: =PERT!T7 -> 46295 | E7: =PERT!U7 -> 46297 | F7: =PERT!S7 -> No
A8: =PERT!A8 -> ACT-03 | B8: =PERT!B8 -> Instalar y verificar Python, Tkinter, MySQL y VS Code | C8: =PERT!G8 -> Jesús | D8: =PERT!T8 -> 46297 | E8: =PERT!U8 -> 46302 | F8: =PERT!S8 -> No
A9: =PERT!A9 -> ACT-04 | B9: =PERT!B9 -> Elaborar el modelo entidad-relación (Personal, Cliente y OrdenTrabajo) | C9: =PERT!G9 -> Antonio | D9: =PERT!T9 -> 46295 | E9: =PERT!U9 -> 46297 | F9: =PERT!S9 -> No
A10: =PERT!A10 -> ACT-05 | B10: =PERT!B10 -> Diseñar el prototipo de pantallas Tkinter (inicio de sesión, clientes y órdenes) | C10: =PERT!G10 -> Carlos | D10: =PERT!T10 -> 46295 | E10: =PERT!U10 -> 46303 | F10: =PERT!S10 -> Sí
A11: =PERT!A11 -> ACT-06 | B11: =PERT!B11 -> Validar modelo y prototipo con el PO y el cliente (demo Sprint 0) | C11: =PERT!G11 -> Jesús | D11: =PERT!T11 -> 46303 | E11: =PERT!U11 -> 46310 | F11: =PERT!S11 -> Sí
A12: =PERT!A12 -> ACT-07 | B12: =PERT!B12 -> Crear scripts SQL de usuarios, roles y clientes | C12: =PERT!G12 -> Omar | D12: =PERT!T12 -> 46310 | E12: =PERT!U12 -> 46315 | F12: =PERT!S12 -> Sí
A13: =PERT!A13 -> ACT-08 | B13: =PERT!B13 -> Programar el inicio de sesión con roles | C13: =PERT!G13 -> Antonio | D13: =PERT!T13 -> 46315 | E13: =PERT!U13 -> 46323 | F13: =PERT!S13 -> No
A14: =PERT!A14 -> ACT-09 | B14: =PERT!B14 -> Programar la interfaz y el CRUD de clientes | C14: =PERT!G14 -> Carlos | D14: =PERT!T14 -> 46315 | E14: =PERT!U14 -> 46321 | F14: =PERT!S14 -> No
A15: =PERT!A15 -> ACT-10 | B15: =PERT!B15 -> Programar la búsqueda y los filtros de clientes | C15: =PERT!G15 -> Antonio | D15: =PERT!T15 -> 46322 | E15: =PERT!U15 -> 46329 | F15: =PERT!S15 -> No
A16: =PERT!A16 -> ACT-11 | B16: =PERT!B16 -> Crear el script SQL de la tabla de órdenes de servicio (OrdenTrabajo) | C16: =PERT!G16 -> Omar | D16: =PERT!T16 -> 46315 | E16: =PERT!U16 -> 46322 | F16: =PERT!S16 -> Sí
A17: =PERT!A17 -> ACT-12 | B17: =PERT!B17 -> Programar el registro de órdenes (monto total y anticipo capturados a mano) | C17: =PERT!G17 -> Carlos | D17: =PERT!T17 -> 46322 | E17: =PERT!U17 -> 46329 | F17: =PERT!S17 -> Sí
... A30: =PERT!A30 -> ACT-25 | B30: =PERT!B30 -> Retrospectiva final y presentación del proyecto | C30: =PERT!G30 -> Israel | D30: =PERT!T30 -> 46359 | E30: =PERT!U30 -> 46364 | F30: =PERT!S30 -> Sí
B32: Hitos (fechas límite por sprint, editables)
A33: H1 | B33: HITO · Demo del Sprint 0 (diseño y entorno) | C33: Equipo | D33: 46318 | E33: =D33 -> 46318 | F33: Hito
A34: H2 | B34: HITO · Demo del Sprint 1 (inicio de sesión y clientes) | C34: Equipo | D34: 46325 | E34: =D34 -> 46325 | F34: Hito
A35: H3 | B35: HITO · Demo del Sprint 2 (control de órdenes de servicio) | C35: Equipo | D35: 46339 | E35: =D35 -> 46339 | F35: Hito
A36: H4 | B36: HITO · Demo del MVP y acta con el dueño (Sprint 3) | C36: Equipo | D36: 46353 | E36: =D36 -> 46353 | F36: Hito
A37: H5 | B37: HITO · Entrega final: último día hábil del cuatrimestre | C37: Equipo | D37: 46374 | E37: =D37 -> 46374 | F37: Hito

Sheet Calendario
A1: Calendario del cuatrimestre (parámetros)
A2: Parámetro | B2: Valor | C2: Nota
A3: Inicio del proyecto en el Gantt (lunes, editable) | B3: 46293 | C3: Semana 4 = inicio del Sprint 0 según la guía A07. Si el equipo arranca en otra fecha, cámbiala aquí y revisa que el fin siga antes del último día hábil.
A4: Lunes de la semana 1 | B4: 46272 | C4: Dato de la guía A07.
A5: Semanas del cuatrimestre | B5: 15 | C5: Dato de la guía A07.
A6: Último día hábil (viernes semana 15) | B6: =B4+14*7+4 -> 46374 | C6: Fórmula.
A7: Días inhábiles oficiales
A8: Independencia | B8: 46281 | C8: Dato de la guía A07.
A9: Día inhábil (guía A07) | B9: 46328 | C9: Dato de la guía A07.
A10: Revolución Mexicana (guía A07) | B10: 46342 | C10: Dato de la guía A07.
